{"_step":1,"epoch":1,"_wandb":{"runtime":77},"loss":0.6197400367473398,"val_loss":0.6160239577293396,"time_per_epoch":24.685566186904907,"_timestamp":1.7414504186780288e+09,"_runtime":69.4571798}