{"epoch":4,"loss":0.6011137988256372,"val_loss":0.600442111492157,"_wandb":{"runtime":137},"time_per_epoch":24.410155057907104,"_timestamp":1.741450694693272e+09,"_runtime":136.929419,"_step":4}